,Dimensionality_reduction_methods,cutoff,dimension,index,TCR,importance
0,Lasso,1,20,20,CASSSYNEQFF_TRBV12_TRBJ2-1,0.008434543680193593
0,Lasso,1,20,19,CASRGTGNQPQHF_TRBV12_TRBJ1-5,0.013208948091462811
0,Lasso,1,20,18,CASSQETQYF_TRBV3_TRBJ2-5,0.01882444893221706
0,Lasso,1,20,17,CASSYSPTSGLYNEQFF_TRBV6_TRBJ2-1,0.024049907107363346
0,Lasso,1,20,16,CASSLLGNTEAFF_TRBV12_TRBJ1-1,0.0314632193188266
0,Lasso,1,20,15,CASSLGGGYTF_TRBV12_TRBJ1-2,0.04239359091621546
0,Lasso,1,20,14,CASSSGQGNTEAFF_TRBV7-9_TRBJ1-1,0.054985033793123
0,Lasso,1,20,13,CASSFGQGYGYTF_TRBV12_TRBJ1-2,0.05702711169953984
0,Lasso,1,20,12,CASSFGGNTEAFF_TRBV12_TRBJ1-1,0.06059545636640566
0,Lasso,1,20,11,CASSFLGTEAFF_TRBV12_TRBJ1-1,0.06437664392824147
0,Lasso,1,20,10,CASSQGGGNQPQHF_TRBV3_TRBJ1-5,0.07083393217847987
0,Lasso,1,20,9,CASSPANTEAFF_TRBV18-1_TRBJ1-1,0.13519833596055028
0,Lasso,1,20,8,CASSLRETQYF_TRBV12_TRBJ2-5,0.16624262878799173
0,Lasso,1,20,7,CASSLGGNQPQHF_TRBV12_TRBJ1-5,0.16657709171574203
0,Lasso,1,20,6,CASSQGYEQYF_TRBV3_TRBJ2-7,0.16916173490182218
0,Lasso,1,20,5,CASSPSNQPQHF_TRBV12_TRBJ1-5,0.1777532684009844
0,Lasso,1,20,4,CASSLGGNTEAFF_TRBV12_TRBJ1-1,0.22648715708855588
0,Lasso,1,20,3,CASSLTGNTEAFF_TRBV12_TRBJ1-1,0.2588169834832906
0,Lasso,1,20,2,CASSYSDTGELFF_TRBV6_TRBJ2-2,0.2650170449007408
0,Lasso,1,20,1,CASSLSGNTIYF_TRBV12_TRBJ1-3,0.3746017364211659
0,Lasso,2,14,14,CASSLGGNTEAFF_TRBV12_TRBJ1-1,0.04117054725400453
0,Lasso,2,14,13,CASSQVSYEQYF_TRBV3_TRBJ2-7,0.04666973213167668
0,Lasso,2,14,12,CASSQAYEQYF_TRBV3_TRBJ2-7,0.05611838404798058
0,Lasso,2,14,11,CASSQVGYEQYF_TRBV3_TRBJ2-7,0.058578579084306984
0,Lasso,2,14,10,CASSYNSGANVLTF_TRBV6_TRBJ2-6,0.07268970105861906
0,Lasso,2,14,9,CASSLGGGYTF_TRBV12_TRBJ1-2,0.1253528232286933
0,Lasso,2,14,8,CASSQETQYF_TRBV3_TRBJ2-5,0.1283249968445025
0,Lasso,2,14,7,CASSLGGNQPQHF_TRBV12_TRBJ1-5,0.21473492915662892
0,Lasso,2,14,6,CASSLRETQYF_TRBV12_TRBJ2-5,0.2608727881208804
0,Lasso,2,14,5,CASSFGGNTEAFF_TRBV12_TRBJ1-1,0.28935698961545164
0,Lasso,2,14,4,CASSLTGNTEAFF_TRBV12_TRBJ1-1,0.33858016865775475
0,Lasso,2,14,3,CASSLQETQYF_TRBV12_TRBJ2-5,0.3857210577811821
0,Lasso,2,14,2,CASSQGETQYF_TRBV3_TRBJ2-5,0.3991280578808189
0,Lasso,2,14,1,CASSLSGNTIYF_TRBV12_TRBJ1-3,0.4068560783956439
0,Lasso,3,9,9,CASSQGYEQYF_TRBV3_TRBJ2-7,0.028845148064847906
0,Lasso,3,9,8,CASSLGGNTEAFF_TRBV12_TRBJ1-1,0.08535084142943394
0,Lasso,3,9,7,CASSLGGGYTF_TRBV12_TRBJ1-2,0.11900037621772715
0,Lasso,3,9,6,CASSLGGNQPQHF_TRBV12_TRBJ1-5,0.18401419349807313
0,Lasso,3,9,5,CASSFGGNTEAFF_TRBV12_TRBJ1-1,0.19085401934796656
0,Lasso,3,9,4,CASSLQETQYF_TRBV12_TRBJ2-5,0.23613770613020893
0,Lasso,3,9,3,CASSLRETQYF_TRBV12_TRBJ2-5,0.28371041391743035
0,Lasso,3,9,2,CASSLSGNTIYF_TRBV12_TRBJ1-3,0.3345732740182732
0,Lasso,3,9,1,CASSLTGNTEAFF_TRBV12_TRBJ1-1,0.37448504690087814
